{"cameraMode":{"drawMode":0,"name":"Shaded","section":"Shading Mode"},"sceneLighting":true,"audioPlay":false,"sceneViewState":{"showFog":true,"showMaterialUpdate":false,"showSkybox":true,"showFlares":true,"showImageEffects":true,"showParticleSystems":true},"in2DMode":false,"pivot":{"x":1.7128870487213135,"y":0.820070743560791,"z":14.111490249633789},"rotation":{"x":0.002759690862149,"y":0.9797220230102539,"z":-0.19993576407432557,"w":0.01352237444370985},"size":7.640688419342041,"orthographic":false}