{"cameraMode":{"drawMode":0,"name":"Shaded","section":"Shading Mode"},"sceneLighting":true,"audioPlay":false,"sceneViewState":{"showFog":true,"showMaterialUpdate":false,"showSkybox":true,"showFlares":true,"showImageEffects":true,"showParticleSystems":true},"in2DMode":false,"pivot":{"x":3.8813772201538088,"y":-0.2720794677734375,"z":22.762630462646486},"rotation":{"x":0.09017794579267502,"y":0.7975091934204102,"z":-0.12324293702840805,"w":0.5836821794509888},"size":10.155217170715332,"orthographic":false}